{
  "logreg": {
    "acc": 0.6210708953718275,
    "f1": 0.7330813176818349
  },
  "bilstm": {
    "acc": 0.5719646531896865,
    "f1": 0.682319118351701
  },
  "transformer": {
    "acc": 0.4981237138360973,
    "f1": 0.5886360629712925
  }
}