{
  "logreg_lime": {
    "n": 148,
    "mean_iou": 0.5861747861809657,
    "std_iou": 0.3672742333891377,
    "mean_auprc": 0.7371907723226627,
    "std_auprc": 0.2630749913302128
  },
  "logreg_shap": {
    "n": 148,
    "mean_iou": 0.6203137237955724,
    "std_iou": 0.36339250691207625,
    "mean_auprc": 0.7463436461819352,
    "std_auprc": 0.27786903400686913
  },
  "bilstm_attention": {
    "n": 148,
    "mean_iou": 0.5824899622476997,
    "std_iou": 0.3748727952345824,
    "mean_auprc": 0.7230861563390247,
    "std_auprc": 0.29661401967091144
  },
  "bilstm_lime": {
    "n": 148,
    "mean_iou": 0.5599990832059143,
    "std_iou": 0.38715799744513907,
    "mean_auprc": 0.715375100904484,
    "std_auprc": 0.287658730232509
  },
  "bilstm_shap": {
    "n": 148,
    "mean_iou": 0.5246803681516679,
    "std_iou": 0.3818555580545338,
    "mean_auprc": 0.6874264657363774,
    "std_auprc": 0.30056555675518815
  }
}