{
  "logreg": {
    "mean_ms": 0.33775360999948134,
    "n": 500
  },
  "bilstm": {
    "mean_ms": 0.5799353719994542,
    "n": 500
  },
  "transformer": {
    "mean_ms": 0.9041457580007091,
    "n": 500
  }
}