{
  "32": {
    "attn_iou": 0.5720970650710752,
    "attn_auprc": 0.7105713557413317,
    "lime_iou": 0.5574181722381468,
    "lime_auprc": 0.7039645434538181,
    "n": 79,
    "raw_attn_iou": [
      1.0,
      0.45454545454545453,
      0.0,
      1.0,
      1.0,
      1.0,
      0.8,
      1.0,
      0.29411764705882354,
      0.6666666666666666,
      1.0,
      0.3333333333333333,
      1.0,
      0.5555555555555556,
      0.06666666666666667,
      0.0,
      0.6666666666666666,
      0.45454545454545453,
      1.0,
      0.5,
      0.5,
      0.5,
      1.0,
      1.0,
      1.0,
      1.0,
      0.0,
      1.0,
      0.391304347826087,
      1.0,
      0.7333333333333333,
      1.0,
      1.0,
      0.6,
      0.0,
      0.2,
      0.2727272727272727,
      0.7777777777777778,
      0.14285714285714285,
      1.0,
      0.3333333333333333,
      1.0,
      1.0,
      1.0,
      0.95,
      1.0,
      0.3333333333333333,
      1.0,
      0.3333333333333333,
      0.6666666666666666,
      0.0,
      0.3333333333333333,
      0.0,
      0.0,
      0.4074074074074074,
      0.2,
      0.6111111111111112,
      0.9354838709677419,
      0.5384615384615384,
      0.0,
      0.5,
      0.0,
      0.0,
      1.0,
      1.0,
      1.0,
      0.42857142857142855,
      0.3333333333333333,
      0.3333333333333333,
      1.0,
      0.0,
      0.25,
      0.23076923076923078,
      1.0,
      1.0,
      0.09090909090909091,
      0.0,
      0.14285714285714285,
      0.3333333333333333
    ],
    "raw_lime_iou": [
      1.0,
      0.6,
      1.0,
      1.0,
      1.0,
      1.0,
      0.8,
      1.0,
      0.2222222222222222,
      0.25,
      1.0,
      0.06666666666666667,
      0.3333333333333333,
      0.5555555555555556,
      0.06666666666666667,
      1.0,
      0.42857142857142855,
      0.5,
      1.0,
      0.5,
      0.2,
      0.5,
      0.3333333333333333,
      1.0,
      1.0,
      0.0,
      0.0,
      1.0,
      0.28,
      1.0,
      0.5294117647058824,
      1.0,
      0.6,
      0.3333333333333333,
      0.0,
      0.2,
      0.4,
      1.0,
      0.14285714285714285,
      1.0,
      0.3333333333333333,
      1.0,
      1.0,
      1.0,
      0.95,
      1.0,
      0.3333333333333333,
      1.0,
      0.3333333333333333,
      0.25,
      0.0,
      0.09090909090909091,
      0.0,
      0.0,
      0.52,
      0.5,
      0.6111111111111112,
      0.9354838709677419,
      0.6666666666666666,
      0.0,
      0.0,
      1.0,
      0.09090909090909091,
      1.0,
      0.0,
      1.0,
      0.42857142857142855,
      0.3333333333333333,
      1.0,
      1.0,
      0.0,
      0.25,
      0.3333333333333333,
      1.0,
      1.0,
      0.09090909090909091,
      1.0,
      0.0,
      0.14285714285714285
    ]
  },
  "64": {
    "attn_iou": 0.5878533920429643,
    "attn_auprc": 0.7187602342615371,
    "lime_iou": 0.5910093154296544,
    "lime_auprc": 0.7277701335556016,
    "n": 79,
    "raw_attn_iou": [
      1.0,
      0.6,
      0.0,
      1.0,
      1.0,
      1.0,
      0.8,
      1.0,
      0.2222222222222222,
      0.6666666666666666,
      1.0,
      0.6,
      1.0,
      0.5555555555555556,
      0.23076923076923078,
      1.0,
      0.42857142857142855,
      0.4117647058823529,
      1.0,
      0.5,
      0.2,
      0.5,
      0.3333333333333333,
      1.0,
      1.0,
      1.0,
      0.0,
      1.0,
      0.391304347826087,
      1.0,
      0.5294117647058824,
      1.0,
      1.0,
      0.6,
      0.0,
      0.5,
      0.5555555555555556,
      0.6,
      0.14285714285714285,
      1.0,
      0.3333333333333333,
      1.0,
      1.0,
      1.0,
      0.95,
      1.0,
      0.3333333333333333,
      1.0,
      0.3333333333333333,
      0.42857142857142855,
      1.0,
      0.09090909090909091,
      0.0,
      1.0,
      0.1875,
      0.5,
      0.7058823529411765,
      0.9354838709677419,
      0.6666666666666666,
      0.0,
      0.5,
      1.0,
      0.0,
      0.3333333333333333,
      0.0,
      1.0,
      0.25,
      0.3333333333333333,
      0.3333333333333333,
      1.0,
      0.0,
      0.25,
      0.23076923076923078,
      1.0,
      1.0,
      0.09090909090909091,
      0.0,
      0.14285714285714285,
      0.14285714285714285
    ],
    "raw_lime_iou": [
      1.0,
      0.6842105263157895,
      1.0,
      1.0,
      1.0,
      1.0,
      0.8,
      1.0,
      0.2222222222222222,
      0.42857142857142855,
      1.0,
      0.23076923076923078,
      0.3333333333333333,
      0.16666666666666666,
      0.23076923076923078,
      1.0,
      0.6666666666666666,
      0.4117647058823529,
      1.0,
      0.5,
      0.5,
      0.5,
      0.3333333333333333,
      1.0,
      1.0,
      1.0,
      0.0,
      1.0,
      0.28,
      1.0,
      0.4444444444444444,
      1.0,
      0.6,
      0.6,
      0.0,
      0.2,
      0.4,
      1.0,
      0.0,
      1.0,
      0.14285714285714285,
      1.0,
      1.0,
      1.0,
      0.95,
      1.0,
      0.3333333333333333,
      1.0,
      0.14285714285714285,
      0.42857142857142855,
      1.0,
      0.2,
      0.0,
      1.0,
      0.35714285714285715,
      0.5,
      0.8125,
      0.9354838709677419,
      0.5384615384615384,
      0.0,
      0.3333333333333333,
      1.0,
      0.09090909090909091,
      1.0,
      1.0,
      1.0,
      0.42857142857142855,
      0.3333333333333333,
      0.3333333333333333,
      1.0,
      0.0,
      0.1111111111111111,
      0.18518518518518517,
      1.0,
      1.0,
      0.0,
      0.0,
      0.0,
      0.0
    ]
  },
  "128": {
    "attn_iou": 0.47343171111095605,
    "attn_auprc": 0.6651953728089945,
    "lime_iou": 0.5463489173553776,
    "lime_auprc": 0.6923336441999861,
    "n": 79,
    "raw_attn_iou": [
      1.0,
      0.6,
      0.0,
      1.0,
      1.0,
      1.0,
      0.8,
      1.0,
      0.29411764705882354,
      0.25,
      0.0,
      0.3333333333333333,
      0.0,
      0.5555555555555556,
      0.06666666666666667,
      1.0,
      0.42857142857142855,
      0.4117647058823529,
      1.0,
      0.5,
      0.2,
      0.5,
      0.3333333333333333,
      1.0,
      1.0,
      0.0,
      0.0,
      1.0,
      0.3333333333333333,
      1.0,
      0.4444444444444444,
      1.0,
      1.0,
      0.3333333333333333,
      0.0,
      0.2,
      0.75,
      0.6,
      0.14285714285714285,
      1.0,
      0.3333333333333333,
      1.0,
      1.0,
      0.0,
      0.95,
      0.0,
      0.3333333333333333,
      1.0,
      0.3333333333333333,
      0.25,
      0.0,
      0.0,
      0.0,
      0.0,
      0.46153846153846156,
      0.5,
      0.6571428571428571,
      0.9354838709677419,
      0.8181818181818182,
      0.0,
      0.4117647058823529,
      1.0,
      0.7142857142857143,
      0.3333333333333333,
      0.0,
      0.3333333333333333,
      0.42857142857142855,
      0.6,
      0.3333333333333333,
      1.0,
      0.0,
      0.1111111111111111,
      0.14285714285714285,
      0.0,
      1.0,
      0.2,
      0.0,
      0.0,
      0.14285714285714285
    ],