{
  "32": {
    "attn_iou": 0.5720970650710752,
    "attn_auprc": 0.7105713557413317,
    "lime_iou": 0.5574181722381468,
    "lime_auprc": 0.7039645434538181,
    "n": 79
  },
  "64": {
    "attn_iou": 0.5878533920429643,
    "attn_auprc": 0.7187602342615371,
    "lime_iou": 0.5910093154296544,
    "lime_auprc": 0.7277701335556016,
    "n": 79
  },
  "128": {
    "attn_iou": 0.47343171111095605,
    "attn_auprc": 0.6651953728089945,
    "lime_iou": 0.5463489173553776,
    "lime_auprc": 0.6923336441999861,
    "n": 79
  },
  "256": {
    "attn_iou": 0.47895566933327094,
    "attn_auprc": 0.6425295565721992,
    "lime_iou": 0.5187129383676884,
    "lime_auprc": 0.657609449738942,
    "n": 79
  }
}