{
  "32": {
    "params": 1230534,
    "acc": 0.735966735966736,
    "f1": 0.773820124666073
  },
  "64": {
    "params": 1281350,
    "acc": 0.7328482328482329,
    "f1": 0.7747589833479404
  },
  "128": {
    "params": 1432134,
    "acc": 0.7515592515592515,
    "f1": 0.7883082373782108
  },
  "256": {
    "params": 1930310,
    "acc": 0.7307692307692307,
    "f1": 0.763901549680948
  }
}