{
  "seed42_vs_seed7": {
    "mean_iou": 0.3249711590152767,
    "std_iou": 0.2995600694907323,
    "n": 60
  },
  "seed42_vs_seed123": {
    "mean_iou": 0.40575956178897354,
    "std_iou": 0.28676051868263963,
    "n": 60
  },
  "seed7_vs_seed123": {
    "mean_iou": 0.33554089157030337,
    "std_iou": 0.3164245088220733,
    "n": 60
  }
}