{
  "attention": {
    "seed42_vs_seed7": {
      "mean_iou": 0.3249711590152767,
      "std_iou": 0.2995600694907323,
      "n": 60
    },
    "seed42_vs_seed123": {
      "mean_iou": 0.40575956178897354,
      "std_iou": 0.28676051868263963,
      "n": 60
    },
    "seed7_vs_seed123": {
      "mean_iou": 0.33554089157030337,
      "std_iou": 0.3164245088220733,
      "n": 60
    }
  },
  "lime": {
    "seed42_vs_seed7": {
      "mean_iou": 0.3843303720703102,
      "std_iou": 0.293690476491652,
      "n": 60
    },
    "seed42_vs_seed123": {
      "mean_iou": 0.3399553197347315,
      "std_iou": 0.2527051449564577,
      "n": 60
    },
    "seed7_vs_seed123": {
      "mean_iou": 0.41888883991825165,
      "std_iou": 0.29047624282220447,
      "n": 60
    }
  },
  "shap": {
    "seed42_vs_seed7": {
      "mean_iou": 0.2672011730099966,
      "std_iou": 0.257328066311493,
      "n": 60
    },
    "seed42_vs_seed123": {
      "mean_iou": 0.3312136991548756,
      "std_iou": 0.29982108993192447,
      "n": 60
    },
    "seed7_vs_seed123": {
      "mean_iou": 0.3174384993231742,
      "std_iou": 0.3052553400080092,
      "n": 60
    }
  }
}