{"params": 832577, "test_acc": 0.7224532224532224, "test_f1": 0.7532347504621072}