{
  "transformer_attention": {
    "n": 148,
    "mean_iou": 0.4660516113872593,
    "std_iou": 0.3898912209838586,
    "mean_auprc": 0.6300461973168036,
    "std_auprc": 0.3156539786532195
  },
  "transformer_lime": {
    "n": 148,
    "mean_iou": 0.5710935340527495,
    "std_iou": 0.3681788676336503,
    "mean_auprc": 0.7289887325669866,
    "std_auprc": 0.2765631852819712
  },
  "transformer_shap": {
    "n": 148,
    "mean_iou": 0.541119867432872,
    "std_iou": 0.3715885112249435,
    "mean_auprc": 0.6976434448588296,
    "std_auprc": 0.28409655762358815
  }
}